ID,Scene,Shot,Item / Decision,Category,Status,Priority,Owner,Needs input from,Deadline,Options / Notes,Source,Updated,Log
SS-01,1,Shot 1,Dolly surface for the opening push: run on concrete as-is vs. lay dance floors vs. lay tracks + remove in VFX,Equipment,Decided,P1,Shafi,"Sam, Alex",Mon location scout,"Path to the bench is concrete with a possible slight slope. (a) roll on concrete = shake risk; (b) dance floors; (c) tracks removed in VFX. Sam: scout whether the concrete is smooth enough to roll without tracks before committing to VFX removal. Decide on-site. Decided (9/10): not removing tracks in VFX – instead avoid showing the ground as much as possible while shooting. 9/20 (solo review): Reconfirmed - tracks will be needed 100% for this shot; since less of the ground will be shown, VFX removal of track marks will not be necessary.","8/30, 9/10, 9/20",2026-09-20,"2026-09-20 (solo review) → Decided: tracks 100% required, no VFX removal needed - reconfirmed (src: 9/20 solo review) · 2026-09-10 → Leaning: VFX tracks not removed in post, avoid showing ground while shooting · 2026-09-03 created (src: 8/30)"
SS-02,1,Shot 1,Writing legibility over-the-shoulder is not a priority,Camera/Move,Decided,P3,,,,On a ~30mm wide/medium lens legibility is limited; team agreed seeing that he is writing is enough - the voiceover carries the content.,8/30,2026-09-03,2026-09-03 created (src: 8/30)
SS-03,1,Shot 2,Pedestal vs. tilt-down to the notebook before the pan-right to the woman,Camera/Move,Decided,P2,,,,"Camera drops to the notebook, pans right across the ground (leaves / wind), reveals the woman's legs, then tilts up to finish on her sitting on a bollard. Decided: diagonal pan-tilt movement so the camera is already panning left before the notebook is revealed (was a straight tilt-then-pan). Pan-speed note (9/10): must stay consistent throughout – test footage showed uneven panning (slow, then rushed, then slow again), which is unacceptable. In test footage this shot ran ~35-40s and still felt short: if pacing can't be slowed further without breaking rhythm, the storyboard may need to be redrawn to reduce the distance the pan covers.","8/30, 9/9, 9/10",2026-09-10,"2026-09-10 → +note: pan speed must stay consistent; shot may need storyboard redraw to reduce pan distance · 2026-09-09 → Decided: diagonal pan-tilt, camera already panning left before notebook revealed · 2026-09-03 created (src: 8/30)"
SS-04,1,Shot 2,"Woman sits on a bollard, not a parallel bench",Blocking,Decided,P3,,,,Script originally placed her on a parallel bench; changed to a bollard to avoid a cheesy symmetry.,8/30,2026-09-03,2026-09-03 created (src: 8/30)
SS-05,1,Shots 3 & 4,Deliberate 180-degree-rule break for the conversation coverage - test before committing,Blocking,Open,P1,"Shafi, Ishmam",Sam,Mon scout / actor rehearsal,"Man's angle: on-axis side profile. Woman's angle: from behind and slightly to the side, only half her face. Goal: the audience never has spatial certainty about where she is relative to him (real / imagined / ghostly). The unconventional cutting may feel jarring - plan to test it in practice first. Cutting philosophy (9/9): avoid rapid shot-reverse-shot every line; whose face is on screen when is an editing-room call. Woman's identity/register (ghost / real / in-between) is still being calibrated. 9/10: team comfortable breaking the 180 in ~3-5 instances and will monitor to avoid overdoing it. Test footage showed the camera near the line but not fully crossing it; eyelines need further testing to confirm they read correctly.","8/30, 9/9, 9/10",2026-09-10,"2026-09-10 → +note: 3-5 deliberate line breaks OK, monitor; eyelines still TBD · 2026-09-09 → +note: avoid rapid shot-reverse-shot; face-on-screen is an edit call; woman's register still being calibrated · 2026-09-03 created (src: 8/30)"
SS-06,1,Shot 5,Sparing full-spatial establishing shot,Camera/Move,Leaning,P2,,,,"One shot that reveals both characters in frame to establish their relative positions; used sparingly so the spatial ambiguity is not fully resolved. Placement within the scene still TBD. Scheduling (9/9): must be grabbed at the very start of the shoot day, before Scene 1 begins - quick setup with Holly in position.","8/30, 9/9",2026-09-09,"2026-09-09 → +note: shoot first thing on shoot day, before Scene 1 begins · 2026-09-03 created (src: 8/30)"
SS-07,1,Shot 8,Woman's exit and re-entry direction,Blocking,Decided,P2,"Shafi, Ishmam",,Mon location scout,"She walks off (likely camera right); camera pans right across nature without her; she reappears from the same or the opposite side. Intent: naturalistic, not ghostly, but the audience briefly loses track of her. Leaning naturalistic; not finalized. 9/20 (solo review): Decided - she walks off screen, camera searches for her and pulls back left, she walks back into frame.","8/30, 9/20",2026-09-20,2026-09-20 (solo review) → Decided: exit/re-entry blocking locked (src: 9/20 solo review) · 2026-09-03 created (src: 8/30)
SS-08,1,Closing,Wind / fan rig for the paper fly-away,VFX/Equipment,Open,P1,"Shafi, Ishmam","Rizwan, Saba (wind-rig team)",Build + Mon scout,"Friends recruited to engineer a wind/fan rig so the paper looks genuinely caught in the wind, not just dropped. May also grab a shot of the paper in the air for editorial flexibility. Possible cut to the woman: 'It has a rebellious turn of mind,' + footsteps chasing the paper. See reference-docs/ufi-wind-rig-responsibility-matrix. Shot 8 (9/9): get the full bench in frame with the paper flying; capture multiple angles for coverage. 9/10: coordinate the wind fan rig build/setup with Rizwan upon his return – needed for the paper fly-away and general ambient wind in applicable scenes. 9/30: Rizwan and Saba are the wind operators. Ishmam is to meet them ASAP to walk through which shots need wind, the angles, and where they can stand, and to text Devin (sound) about the artificial wind and its effect on audio capture (PW-80).","8/30, 9/9, 9/10, 9/30",2026-10-01,"2026-10-01 → +note: Rizwan & Saba are the wind operators; briefing tracked in PW-80 (src: 9/30) · 2026-09-10 → +note: coordinate wind rig with Rizwan on his return · 2026-09-09 → +note: Shot 8 needs full bench in frame, paper flying, multiple angles · 2026-09-03 created (src: 8/30)"
SS-09,1,All,"Scene 1 is the most technically complex / shot-dense sequence (~8-9 shots, ~3.5 script pages)",Schedule,Open,P2,,Sam,,"Flagged as the shot-count and time risk for the schedule. Track against the 10-12 shots/day guidance. 9/20 (solo review): Reconfirmed - more or less confirmed, still the most technically complex shot on the list. 9/23: reaffirmed - Scenes 1 and 5 are rated the hardest overall for both camera operation and actor blocking; Scene 1 described as the most complex shot for camera and acting.","8/30, 9/20, 9/23",2026-09-30,2026-09-30 → +note: Scenes 1 & 5 rated hardest overall (camera + blocking) (src: 9/23) · 2026-09-20 (solo review) → +note: reconfirmed as most technically complex shot (src: 9/20 solo review) · 2026-09-03 created (src: 8/30)
SS-10,2,Shot 1 (walk),Shoulder rig vs. static-with-slight-reframe to follow the boy walking,Camera/Move,Leaning,P2,"Shafi, Ishmam",Sam,Mon location scout,"After the boy hears his name and stands, the camera pedestals up with him then follows. Shoulder rig is preferred for the naturalistic feel and time efficiency, but conflicts with the film's settled aesthetic. Not chosen. 9/20 (solo review): Still TBD, but team is now leaning toward using a gimbal for this shot. 9/30: the gimbal (in the Horizon budget) may be needed for the little-boy scenes - shooting slow motion on the gimbal would reduce shakiness (PW-63).","8/30, 9/20, 9/30",2026-10-01,2026-10-01 → +note: gimbal + slow-mo for the boy scenes (PW-63) (src: 9/30) · 2026-09-20 (solo review) → Leaning: gimbal now the likely choice (src: 9/20 solo review) · 2026-09-03 created (src: 8/30)
SS-11,2,All,Memory-scene look: higher frame rate + a slight colour-grade shift,VFX/Color,Open,P2,Shafi,Alex (colourist),Mon location scout,"Memory scenes (2 & 4) should read slightly different from the main timeline - shoot at a higher fps and slow ~0.9x in post, plus a subtle grade variation (not black-and-white). Confirm the approach with Alex on the Monday scout. 9/20 (solo review): Team may do a slight colour-grade shift for this shot - noted as something to address later, not immediate.","8/30, 9/20",2026-09-20,2026-09-20 (solo review) → +note: deprioritized to later (src: 9/20 solo review) · 2026-09-03 created (src: 8/30)
SS-12,2,Shot 1,Tree deliberately framed on the right for a later match cut,Camera/Move,Decided,P3,,,,Boy digs in the dirt near a large tree positioned frame-right; it rhymes with the woman's background position in Scene 3's opening.,8/30,2026-09-03,2026-09-03 created (src: 8/30)
SS-13,3,Shots 1-2,Split the following shot into two (before / after the cut to the boy) with a closer reframe on the return,Camera/Move,Deferred,P2,,,,"Dolly follows the man & woman from behind on tracks (the road surface allows it). They pause, look up; the camera tilts up but cuts before revealing what they see. Update (9/9): sun is harsh here - considering an alternate shaded location with similar road/tree framing; lens change from 60mm to 85mm to compress the road and fill the frame (subjects cover less walking distance, judged acceptable); ideal shoot time ~5 PM or 10 AM. Boy's locations should be scouted/locked first so the woman's position can be matched to reinforce the tree-mimicry motif. Superseded (9/11): the Scene 1→3 transition was redesigned – roads cut entirely (the concrete was judged uncinematic and logistically difficult due to traffic), so this dolly-on-tracks-along-the-road setup no longer applies. See SS-15 (new blocking/staging) and SS-66 (walking-shot rework, now resolved by this redesign).","8/30, 9/2, 9/9, 9/11",2026-09-11,"2026-09-11 → Deferred: superseded by the Scene 1→3 redesign, see SS-15/SS-66 · 2026-09-09 → +note: shade alternative, 85mm lens, ~5PM/10AM timing, sequence boy locations first · 2026-09-03 created (src: 8/30, 9/2)"
SS-14,3,Tilt,Where to cut the upward tilt,VFX/Edit,Leaning,P2,,,Edit,Plan is to tilt all the way up and decide the exact cut point in editing.,9/2,2026-09-03,2026-09-03 created (src: 9/2)
SS-15,3,Opening,Man-picks-up-paper: the woman's background position echoes the memory-shot tree,Camera/Move,Leaning,P1,,,,"Static shot; paper lands on the road, the man enters and leans to pick it up, the woman enters and walks to a background position that visually rhymes with the tree. The paper prop must match Scene 1's fly-away exactly (same fold / crumple). Redesigned (9/11): paper falls into the foreground; the man appears in the background (upper frame), walks down toward it and kneels beside it. The woman enters slightly later, standing in the upper/background area, keeping her visual mystery and distance. After the man kneels and looks up at her, the film cuts to the boy (Scene 2), mirroring the kneeling-with-paper composition; on the return cut, the man may be laying down or leaning against a rock (a 'Stalker'-style pose). Dialogue fix: instead of the woman speaking first about trains, the man looks at the paper and speaks aloud in French trying to remember a train route ('Toulouse... Marseille...'), which organically cues the woman's train dialogue. The woman may walk down and kneel closer to the man rather than staying fixed in the background, creating a two-figure composition with depth/scale contrast; this echoes the film's recurring 'woman in the distance' motif and can evoke a mother-son dynamic (ties to the 'coming out of the forest as birth' theme). Both are sleeping on this before finalizing; a reference photo (a real photograph, likely from England) is being added to the shared references folder. 9/23: this is the Scene 3 train conversation - a ~56-second static single take with no cuts and both faces visible throughout, so ADR isn't viable and the lines must be fully memorized (see SS-84); to be rehearsed with Holly and Tyler on Sat 9/26. Location: the large field where Holly and Tyler's interview was previously shot is the leading candidate - big enough that different sections can be framed to look like distinct locations (cross-ref PW-71). 9/30: composition fixes from the 9/26 test footage of this lying-down shot (storyboard 3A) are in SS-89; the sky opening between the trees where Holly stands couldn't be found again during the test (SS-90). Holly's train lines read too deadpan in the test (PW-75).","8/30, 9/11, 9/23, 9/30",2026-10-01,"2026-10-01 → +note: 9/26 test fixes in SS-89, missing sky opening in SS-90 (src: 9/30) · 2026-09-30 → P3→P1: now a ~56s no-cut, no-ADR single take rehearsed Sat 9/26; interview field is the leading location (src: 9/23) · 2026-09-11 → Leaning: redesigned blocking (paper/kneeling/mirror-cut/Stalker-pose/French dialogue fix) · 2026-09-03 created (src: 8/30)"
SS-16,4,All,Tilt-angle continuity between Scene 3's up-look and Scene 4's opening,Camera/Move,Leaning,P1,"Shafi, Ishmam",,Mon scout / edit,"The cut must pick up at roughly the same tilt angle or the transition jumps. May be partially fixable in editing. Leading approach: Scene 4 starts high on the trees and tilts DOWN to reveal the boy (Option A), rather than continuing the upward tilt (Option B, which risks a compositional mismatch since the camera would be above the boy). General rule adopted (9/10): whatever camera movement the previous scene ends on continues into the next scene's opening, then resolves (e.g. tilt up to match, then come back down). Still blocked on the boy scenes' location, which has not been scouted yet – needed urgently since it's tied to the walking-scene logistics and was part of why this was deferred previously. 9/20 (solo review): Movement still needs to be figured out - must be discussed with Sam. 9/23: Scenes 2-4 (changed since the last walkthrough) are first on the Sat 9/26 agenda, walked through with Sam before Holly and Tyler arrive (see PW-74).","9/2, 9/10, 9/20, 9/23",2026-09-30,"2026-09-30 → +note: Scenes 2-4 walkthrough with Sam first thing Sat 9/26 (src: 9/23) · 2026-09-20 (solo review) → +note: still open, to discuss with Sam (src: 9/20 solo review) · 2026-09-10 → Leaning: adopted continue-then-resolve tilt rule; boy locations still unscouted · 2026-09-03 created (src: 9/2)"
SS-17,4,All,"Higher frame rate (shoot 30fps, deliver 24fps) for a subtle slow-motion",Camera/Move,Open,P1,Shafi,"Sam, Alex",Sam / Alex meeting,Not full slow-motion (60fps would be too extreme). To be confirmed with Sam and Alex. 9/10: this specific question (frame rate/format for a subtle slow-mo) wasn't raised in the last crew meeting and needs to be added to the agenda for Sam and Alex. 9/20 (solo review): Still to bring up with Sam and Alex again at the next opportunity - hoping to ask someone on Wednesday.,"9/2, 9/10, 9/20",2026-09-20,"2026-09-20 (solo review) → +note: to raise with Sam/Alex again, targeting Wednesday (src: 9/20 solo review) · 2026-09-10 → +note: add to agenda for Sam/Alex, wasn't raised last meeting · 2026-09-03 created (src: 9/2)"
SS-18,4,All,"High-angle-looking-down composition, largely static",Camera/Move,Leaning,P2,,,Mon location scout,"Preferred: a high angle down on the boy walking through the forest, on uneven downhill terrain. Static, given the difficulty of moving equipment at height. Boy hears his name, looks around briefly, walks off screen. 9/10 (mapped here as the 'second boy walking scene' – flag if this should instead be tracked separately): visually simple (just the boy walking through the woods) but estimated runtime is ~40s-1min because of the wide shooting plan; must sync with the 6 voiceover lines spoken by the man and woman. 9/3 (backfill - Sam meeting, not previously logged): practical ways to get the high angle - a ladder, or use the hilly terrain so the operator is already elevated and the boy walks downhill (path must be cleared and safety-tested). The boy has to start walking before the tilt-down fully completes, so a cue system will be used. Sam's pacing tip: audiences don't need to see every transition - the edit can jump between states, which can trim the boy's longer walking sequences.","9/2, 9/3, 9/10",2026-09-30,"2026-09-30 → +note: ladder/hillside high-angle options, walk-cue system, Sam's jump-between-states pacing tip (src: 9/3 backfill) · 2026-09-10 → +note: ~40s-1min runtime, syncs to 6 VO lines · 2026-09-03 created (src: 9/2)"
SS-19,4,All,Shafi to draw a revised frame showing the trees-first / tilt-down composition,Camera/Move,Decided,P2,Shafi,,Before storyboard printing,Action item from 9/2 - needed for the storyboard set. 9/20 (solo review): Done.,"9/2, 9/20",2026-09-20,"2026-09-20 (solo review) → Decided: revised frame drawn, done (src: 9/20 solo review) · 2026-09-03 created (src: 9/2)"
SS-20,5,Shot 2,Add a slight dolly move to the 'painting shot',Camera/Move,Open,P2,Shafi,,Shot-list update,"Shot 2: the woman looks up (not at the man - as if something made her stop), the man enters screen-right and freezes; held mostly static. Action item: annotate the slight dolly on the shot list. The static frame constrains composition flexibility. 9/20 (solo review): Still open, no decision reached.","9/2, 9/20",2026-09-20,2026-09-20 (solo review) → +note: still open (src: 9/20 solo review) · 2026-09-03 created (src: 9/2)
SS-21,5,Shot 6,Getting a dolly up the staircase,Equipment,Blocked,P1,"Shafi, Ishmam","Sam, Alex, Dave, Bad Dog",Dave's terrain answer (path videos Sat 9/26),"The Fisher dolly up a staircase may be impossible. Alternatives: a smaller rental dolly from Bad Dog, or a shoulder rig for that shot only. The shoulder rig gives an unsettled, hovering look inconsistent with the Tarkovsky-influenced aesthetic. 9/10: Sam indicated it may be physically possible with enough strong people; a zoom lens was also raised as an option. Still no final decision. 9/14: plan is to test both approaches at Bad Dog before deciding - bringing the Fisher dolly up the stairs (needs strong crew) vs. a crash-zoom technique with a zoom lens. Cross-ref PW-60 (zoom lens selection). 9/20 (solo review): Getting a dolly up the staircase may be possible, but is entirely dependent on what the grip is willing to do - the grip must be confirmed first before this can be locked (cross-ref PW-03). 9/23: the dolly-path walkthrough videos being filmed for Dave (see PW-06) include any stairs - whether the dolly goes up the staircase is now effectively Dave's call (cross-ref PW-03).","9/2, 9/10, 9/14, 9/20, 9/23",2026-09-30,2026-09-30 → +note: stairs included in the dolly-path videos for Dave's approval (src: 9/23) · 2026-09-20 (solo review) → +note: feasibility now hinges entirely on grip confirmation - cross-ref PW-03 (src: 9/20 solo review) · 2026-09-20 → +note: plan to test dolly-up-stairs vs. crash zoom at Bad Dog (src: 9/14) · 2026-09-10 → +note: Sam thinks doable with strong people; zoom lens also floated · 2026-09-03 created (src: 9/2)
SS-22,5,Shots 4-7,"Ishmam to hand-draw rough compositions for shots 4, 5, 6, 7",Blocking,Decided,P1,Ishmam,,Thursday night,"So Shafi can generate AI reference images. Shot 6 = walking down stairs. Shot 7 = wide shot, characters walking left-to-right in a park-like setting, functions as an insert over continuing dialogue. 9/20 (solo review): Done - drawings complete, no further action needed.","9/2, 9/20",2026-09-20,2026-09-20 (solo review) → Decided: drawings for shots 4-7 done (src: 9/20 solo review) · 2026-09-03 created (src: 9/2)
SS-23,5,Shot 7,"Location for the insert wide - park-ish but not overtly, and must match the previous location",Location,Open,P2,"Shafi, Ishmam",,Mon location scout,"Wide shot of the characters walking left-to-right; needs to read as park-like without being obviously a park, and must visually match the preceding location. 9/20 (solo review): Still open, no decision reached. 9/23: the Scene 3 field (the big interview field, see SS-15) could host multiple walking shots by framing different sections of it as distinct places - possibly including this one. 9/30: the locations for the walking shots (Shots 6, 7 & 8 in the current Shot-by-Shot Breakdown - this insert wide is one of them) are still not confirmed. The Eagle's Roost back area is a candidate for one walking shot, with more spots to scout nearby; shaded spots are an option if a shot lands mid-day and the sun is a problem. Not all the walking shots are designed as dolly shots, but a push-in at Eagle's Roost is being considered. Whether a dolly can physically operate in the back area needs Dave's confirmation, and if it can't, the team is 'cooked' for that shot (PW-06).","9/2, 9/20, 9/23, 9/30",2026-10-01,"2026-10-01 → +note: walking-shot locations still unconfirmed; Eagle's Roost back area is a candidate, dolly push-in pending Dave (src: 9/30) · 2026-09-30 → +note: Scene 3 field could host multiple walking shots (src: 9/23) · 2026-09-20 (solo review) → +note: still open (src: 9/20 solo review) · 2026-09-03 created (src: 9/2)"
SS-24,5,Shot 8,Seating location + elevation for the woman/man depth composition,Location,Leaning,P1,"Shafi, Ishmam",,Sat 9/26 morning,"Woman sits low (log / stump height, not bollard height, which puts her near standing height); the man is positioned lower on a slope so their faces sit at a similar elevation for the pan. Favoured: the area where Ishmam & Ishiko were at different elevations. Rejected: the cut-off stump near the first park bench (feels like returning to an earlier location). 9/20 (solo review): Still need to find the location for this shot. 9/23: this location must be confirmed on the morning of Sat 9/26, before rehearsal (cross-ref PW-71). Numbering note: this is the log/book dolly-in, which the current shot-by-shot breakdown numbers Scene 5 Shot 10 (see SS-85).","9/2, 9/20, 9/23",2026-09-30,2026-09-30 → +note: location must be confirmed Sat 9/26 AM; = Shot 10 in the current breakdown (src: 9/23) · 2026-09-20 (solo review) → +note: location search still open (src: 9/20 solo review) · 2026-09-03 created (src: 9/2)
SS-25,5,Shot 8,Source or bring a wooden stump as a production-design element,Costume/PD,Open,P2,"Shafi, Ishmam",,Before shoot,May need to bring a wooden stump to location for the woman's seat. 9/20 (solo review): Still need to acquire/secure this item.,"9/2, 9/20",2026-09-20,2026-09-20 (solo review) → +note: still outstanding (src: 9/20 solo review) · 2026-09-03 created (src: 9/2)
SS-26,5,Shot 9,Lens choice for the dolly-in -> tilt-down -> pan-to-man,Camera/Move,Decided,P1,Shafi,Sam,Sam / Alex meeting,"The dolly pushes in on the woman, tilts down to the book / hands, then pans left to the man's face at roughly the same elevation. Must keep the man's face in frame through the pan - a longer lens risks clipping it. Dolly tracks needed on grass. Decided (9/10): lens choice worked out over the weekend (referred to in notes as the 'Dolly and Tilt Down Panda Man shot').","9/2, 9/10",2026-09-10,2026-09-10 → Decided: lens choice finalized · 2026-09-03 created (src: 9/2)
SS-27,5,All,Whether to simplify Scene 5 if the schedule tightens,Schedule,Deferred,P2,,Sam,,Scene 5 is the longest / most complex scene and the identified candidate for cuts under schedule pressure.,"8/30, 9/2",2026-09-03,"2026-09-03 created (src: 8/30, 9/2)"
SS-28,5,All,"Scene 5 is the longest scene (multi-location, most dialogue) - roughly 9 shots / 200 words",Schedule,Decided,P2,,,,The other long / complex scene alongside Scene 1. Watch shot count and the time cost of long takes. 9/20 (solo review): Confirmed - team is okay with the current approach.,"9/2, 9/20",2026-09-20,2026-09-20 (solo review) → Decided: team okay with current approach (src: 9/20 solo review) · 2026-09-03 created (src: 9/2)
SS-29,6,Opening,Pedestal vs. tilt-up from the forest floor to reveal the bed,Camera/Move,Leaning,P2,,,Mon location scout,A low-to-high move revealing the bed; the boy stops at the edge. Pedestal-or-tilt not locked. Creative intent (9/9): emphasize the clearing's 'hole' quality - the boy appears to emerge from a depression into the bed - resonant with motherhood imagery.,"9/2, 9/9",2026-09-09,2026-09-09 → +note: emphasize 'hole'/motherhood imagery in the clearing · 2026-09-03 created (src: 9/2)
SS-30,6,All,Can the location be shot on a tripod without a dolly?,Equipment,Open,P2,"Shafi, Ishmam","Sam, Dave",Mon location scout,"The location is the far end of the interview woods area; it may be tripod-able. Needs scout confirmation - ties into the dolly-transport problem. (9/9) Dolly still preferred/desired for this location if feasibility can be confirmed - see SS-65. 9/20 (solo review): Whether a dolly can be brought to this location depends on the dolly grip (cross-ref PW-03). 9/23: the Scene 6 boy-in-field shot is one of the only confirmed dolly shots (SS-65), but getting the dolly along the dirt path/open field to this location is unconfirmed - the path will be filmed for Dave to approve (see PW-06, PW-70).","9/2, 9/9, 9/20, 9/23",2026-09-30,2026-09-30 → +note: terrain approval now sought from Dave via path video (src: 9/23) · 2026-09-20 (solo review) → +note: dependent on dolly grip - cross-ref PW-03 (src: 9/20 solo review) · 2026-09-09 → +note: dolly still preferred here if feasible · 2026-09-03 created (src: 9/2)
SS-31,6,Jump sequence,One continuous shot vs. cutting to the fabric-grip insert,VFX/Edit,Leaning,P1,"Shafi, Ishmam",Sam,Mon location scout,"Preferred: shoot the whole jumping sequence in one shot (camera tilts up over the first 1-2 jumps, holds at sky level, boy jumps in and out of frame, spins mid-air, camera tilts back down). If the dolly can't reach the location or it is too technically difficult, cut to a close-up insert of the boy gripping the bed fabric as a natural break. Decided (9/10): attempt the whole sequence as one continuous shot; capture the fabric-grip insert as a backup in case the single take can't be pulled off cleanly. The pan location has been roughly identified but still needs a specific spot for Holly to stand at the end of the pan; some cheating of the geography is acceptable. Sound (9/13): ambient only for this scene – bed creaking (flagged as potentially haunting) and/or wind; no score. 9/20 (solo review): FLAG - technically listed as Decided, but in practice still unresolved. Tied to the broader Dali-related decisions; the team wants a single continuous shot but may need to cut to a second shot depending on execution. Downgrading to Leaning to reflect real-world uncertainty. 9/23: the boy shot was singled out as the most technically difficult shot in the film, with feasibility concerns remaining; Scene 6 is also rated the hardest scene for acting. 9/3 (backfill, predates the 9/10 decision above): the beat was then described as ~5-6 jumps, then on the expected 7th he doesn't appear - the frame holds on empty sky, then tilts down to reveal him on his knees on the bed before the push-in on the back of his head; the frame should also show only empty sky before the first jump.","9/2, 9/3, 9/10, 9/13, 9/20, 9/23",2026-09-30,"2026-09-30 → +note: named the film's most technically difficult shot (src: 9/23); missing-7th-jump beat (src: 9/3 backfill) · 2026-09-20 (solo review) → Leaning: technically 'Decided' but practically unresolved - single shot preferred, second shot possible (src: 9/20 solo review) · 2026-09-13 → +note: ambient sound only (bed creak/wind), no score · 2026-09-10 → Decided: one continuous shot, fabric-grip insert as backup; pan spot for Holly still TBD · 2026-09-03 created (src: 9/2)"
SS-32,6,Jump sequence,Camera parallel to the bed vs. bed angled with the boy parallel to camera,Camera/Move,Leaning,P2,,,Test on scout,"To be tested on location. 9/20 (solo review): Leaning toward the angled approach, but final decision still pending.","9/2, 9/20",2026-09-20,2026-09-20 (solo review) → Leaning: angled approach favored (src: 9/20 solo review) · 2026-09-03 created (src: 9/2)
SS-33,6,Jump sequence,Add the 'boy gripping bed fabric' insert to the shot list,VFX/Edit,Open,P2,Shafi,,Shot-list update,Contingency insert if the one-shot can't be executed. Action item from 9/2. 9/20 (solo review): Reaffirmed - should be added to the shot list as a dedicated shot.,"9/2, 9/20",2026-09-20,2026-09-20 (solo review) → +note: reaffirmed for shot-list addition (src: 9/20 solo review) · 2026-09-03 created (src: 9/2)
SS-34,6,Final shot,Ruckenfigur -> slow pan to the woman near the tree line,Camera/Move,Decided,P3,,,,"Boy seen from behind looks back, camera holds, then pans slowly to the woman standing almost against the trees in the distance.",9/2,2026-09-03,2026-09-03 created (src: 9/2)
SS-35,7,Pre-pan,What to cut to between the argument climax and the Tarkovsky pan,VFX/Edit,Open,P1,"Shafi, Ishmam",Sam,Before shoot,"A cut is needed between the argument and the pan. Cutting to the boy risks giving him a premature conclusion. Leading candidate: cut to the soil / earth from the earlier forest scene (no boy, just the ground he was digging). 9/20 (solo review): Still to be decided - reaffirmed as high priority, requires urgent resolution.","9/2, 9/20",2026-09-20,2026-09-20 (solo review) → +note: reaffirmed urgent/high-priority (src: 9/20 solo review) · 2026-09-03 created (src: 9/2)
SS-36,7,Tarkovsky pan,Bollard placement for the pan's first stop - road & houses visible in the background,Location,Leaning,P1,"Shafi, Ishmam",Sam,Mon location scout,"The pan opens near where the couple sits and moves across the field; the first stop is the now-empty bollards. Shooting back toward the real bollards shows the road and houses. Options: (a) move the bollards to a different position in the field (symbolic / supernatural placement) or (b) include the bollards only briefly before panning to the couple. 9/11: exact pan angle still needs to be determined on location – Ishmam to check on the way out during the weekend scout. The current drawing for how the figures sit was not liked and needs rethinking before the shoot. A boy cutaway is likely needed in this scene; plan to shoot it and decide in the edit. 9/13: if included, keep the cutaway to 5-10 seconds max (a head turn or subtle reaction shot) – consider making it a companion shot to Scene 8's final old-woman shot (same location, opposite side), so he appears to look at her and she appears to look back at the end. 9/13: scene also flagged as having some 'fat' to trim – only two lines of dialogue (the 'feeble meeting' line and the poem) but the wind-reaction stage direction is considered important and should not be cut. 9/20 (solo review): Still to be decided - team hoping to get more information Saturday to move forward. 9/23: see PW-72 for this field's informal ~8-person crew cap and parking problem, and SS-86 for a possible lateral dolly move under the pan. 9/30: direction chosen - option (a). The pan's first stop is the empty bollards, but they can't physically go in their original position, so they'll be moved into the field. The goal is for that to feel symbolically intentional (the characters have 'crossed' the bollards) rather than read as a continuity error; how to achieve that is still being worked out. All ~15 log bollards are used, full-length in this sequence (SS-93); the pan ends on a diagonal move (SS-38).","9/2, 9/11, 9/13, 9/20, 9/23, 9/30",2026-10-01,"2026-10-01 → Leaning: bollards move into the field (option a); making it read as intentional still open (src: 9/30) · 2026-09-30 → +note: cross-ref PW-72 (crew cap/parking), SS-86 (lateral dolly move) (src: 9/23) · 2026-09-20 (solo review) → +note: awaiting more info Saturday (src: 9/20 solo review) · 2026-09-13 → +note: boy cutaway 5-10s, companion to Scene 8; scene has some trimmable 'fat' · 2026-09-11 → +note: pan angle/sitting composition still open, boy cutaway likely · 2026-09-03 created (src: 9/2)"
SS-37,7,Tarkovsky pan,"Zoom lens for the pan (zoomed in at the start, zooms out for depth)",Equipment,Open,P2,Shafi,Sam,Bad Dog visit,"The Tarkovsky reference uses a zoom lens and layered composition (grass / dirt / trees / secondary trees / sun). Need to confirm a zoom lens is available; this conflicts with the same-lens-per-sequence rule and needs thought. 9/20 (solo review): A zoom lens will be acquired and will be present at the Wednesday Bad Dog visit; which specific lens and exactly how it will be used are still to be decided (cross-ref PW-59 - note PW-59/PW-62 track this as a Horizon visit, so confirm whether this is the same Wednesday session or a separate Bad Dog visit). 9/30: a zoom will have different colour characteristics from the Zeiss primes - to discuss with Alex on Sat 10/3 (PW-79). The zoom (up to 140mm) is now also planned for the Scene 8 final shot (SS-69).","9/2, 9/20, 9/30",2026-10-01,"2026-10-01 → +note: zoom vs. Zeiss colour match goes to Alex 10/3; zoom also planned for Scene 8 (src: 9/30) · 2026-09-20 (solo review) → +note: zoom lens confirmed for acquisition, present at Wed Bad Dog visit - cross-ref PW-59/PW-62 vendor flag (src: 9/20 solo review) · 2026-09-03 created (src: 9/2)"
SS-38,7,Tarkovsky pan,End the pan on a tilt-down (the reference likely uses a crane),Camera/Move,Decided,P3,,,,"Their version will use a tilt rather than a crane move. 9/30: refined - the final pan movement should be diagonal, not straight down, referencing the Mirror shot style.","9/2, 9/30",2026-10-01,"2026-10-01 → +note: end the pan on a diagonal move, not a straight tilt-down (src: 9/30) · 2026-09-03 created (src: 9/2)"
SS-39,7,All,"Actors must fully memorise lines for this scene (single static shot, dialogue-heavy)",Blocking,Decided,P2,Shafi,"Tyler, Holly",Actor rehearsals,"Most of the scene is one static shot with heavy dialogue; ADR covers the rest of the film but this scene needs the performance on the day. 9/20 (solo review): Relevant parties (Tyler, Holly) are aware; no further action needed for now. 9/23: reaffirmed - the final bollard scene is one of three no-ADR scenes whose lines must be fully memorized; memorization is now tracked as an open P1 risk in SS-84.","9/2, 9/20, 9/23",2026-09-30,"2026-09-30 → +note: cross-ref SS-84 (no-ADR memorization risk) (src: 9/23) · 2026-09-20 (solo review) → Decided: parties informed, no further action for now (src: 9/20 solo review) · 2026-09-03 created (src: 9/2)"
SS-40,7,All,"Blocking: the man turns sideways (screen right) at the argument climax, not fully back-to-camera",Blocking,Decided,P3,,,,"Characters sit apart and converse; the woman stands and turns away; the man crosses the implied barrier first, the woman follows.",9/2,2026-09-03,2026-09-03 created (src: 9/2)
SS-41,8,All,Jacket continuity: does the old woman wear the younger woman's jacket?,Costume/PD,Leaning,P2,Shafi,Ishika,Before shoot,The same jacket could imply a generational link (mother's jacket handed down) but risks being too on-the-nose. Leaning toward redressing the old woman entirely.,9/2,2026-09-03,2026-09-03 created (src: 9/2)
SS-42,8,All,Old-woman costume: a granny-style sundress that hangs full-length with a small layer over it,Costume/PD,Leaning,P2,Shafi,"Ishika, Holly",Before shoot,Separate from the younger woman's clothes. Need Holly's sizing for a fitting reference. Action item: Shafi to brief Ishika.,9/2,2026-09-03,2026-09-03 created (src: 9/2)
SS-43,8,All,Shoot the old-woman shots last of the day,Schedule,Decided,P2,,Holly,Shoot day,Holly's old-age makeup process is irreversible for that session.,9/2,2026-09-03,2026-09-03 created (src: 9/2)
SS-44,8,All,Shoot both the side-of-street and the interview locations,Location,Decided,P3,,,,Side-of-street (shot from the far side) confirmed by a Fujifilm photo reference. Shoot both to have options in the edit. The woman is distant enough that makeup detail matters less than the clothing silhouette.,9/2,2026-09-03,2026-09-03 created (src: 9/2)
SS-45,All,Inserts,Build a dedicated insert list for every scene,VFX/Edit,Open,P2,"Shafi, Ishmam","Sam, Alex",Mon location scout,"Sam regretted not doing this on his own shoot. Nature (light through leaves, wind in grass, leaves on the ground), prop close-ups (notebook, pen, paper, a corner of the dress), walking cutaways, symbolically significant objects as bookends. Lock the specifics on the Monday scout with Alex. 9/20 (solo review): Still to be done. 9/3 (backfill - Sam meeting): Sam cautioned against over-relying on long takes - if a take or a performance beat doesn't work there's nothing to cut to - and advocated a wide + coverage (shot/reverse) baseline so the edit has options ('you buy more groceries than you'll eat'). Team agreed some scenes must play out a set way (notably Scene 5's dialogue rhythm), but Scene 7's static wide was flagged as a natural place for extra coverage (closer inserts); Ishmam acknowledged coverage was under-planned but there's room, especially in Scene 5; Shafi would rather have coverage and not use it. Note the tension with Scene 7 now being planned as one wide take with no ADR fallback (SS-84).","8/30, 9/3, 9/20",2026-09-30,2026-09-30 → +note: Sam's wide+coverage baseline; Scene 7 flagged for coverage (src: 9/3 backfill) · 2026-09-20 (solo review) → +note: still outstanding (src: 9/20 solo review) · 2026-09-03 created (src: 8/30)
SS-46,All,Inserts,"Keep the total shot count deliberate - currently 29, inserts could push it toward ~40",Schedule,Decided,P2,,Sam,,"Sam: 36 is 'completely fine'; also identify 5-10 nice-to-have bonus shots to attempt only if time permits, without compromising the core story. 9/20 (solo review): Confirmed, no open items.","8/30, 9/2, 9/20",2026-09-20,"2026-09-20 (solo review) → Decided: confirmed, no open items (src: 9/20 solo review) · 2026-09-03 created (src: 8/30, 9/2)"
SS-47,2-4,Coverage,Add closer shots (mediums / close-ups) - scenes 2-4 currently skew wide,Camera/Move,Open,P2,"Shafi, Ishmam",Sam,Storyboards,"Sam emphasised shot variation for emotional connection, especially in scenes 2-4. 9/20 (solo review): May need to get a few inserts here.","8/30, 9/20",2026-09-20,2026-09-20 (solo review) → +note: a few inserts may be needed (src: 9/20 solo review) · 2026-09-03 created (src: 8/30)
SS-48,All,Lens,Same lens for every shot within a sequence,Camera/Move,Decided,P2,,,,Consistency rule for pans and tilts. Note the tension with the Scene 7 zoom-lens idea.,9/2,2026-09-03,2026-09-03 created (src: 9/2)
SS-49,All,Camera,Frame rate: 24fps standard; 30fps for the forest / boy scenes; 60fps rejected,Camera/Move,Leaning,P2,,"Sam, Alex",Sam / Alex meeting,Allows a subtle slow-down in post for the memory scenes. Confirm with Sam and Alex.,9/2,2026-09-03,2026-09-03 created (src: 9/2)
SS-50,All,Camera,Dolly tracks required on grass for the outdoor scenes,Equipment,Decided,P2,,,,Plan the rental and transport accordingly.,9/2,2026-09-03,2026-09-03 created (src: 9/2)
SS-51,1,Shot 1,"Composition fixes: straighten the horizon (currently crooked along the concrete), keep the current camera height, cap the sky at ~50% of frame",Camera/Move,Decided,P2,,,,"Trees in frame read well; going higher makes subjects look short, going lower shows too much foreground. Ideally the road receding into the distance, the river, the town on the far side, and the fields are all legible for depth. Refined (9/13): pedestal the camera slightly higher and push back slightly for more depth layers – target five distinct layers (concrete/grass/bollard → immediate trees → road/fields → second tree line → river/town → sky); target ~40% sky (current test footage runs ~50%). Camera must not go above Tyler's eye level. Lens stays near 35mm (a 50mm would need too much extra dolly travel to clear his shoulder). Production design additions for this shot: leaves over any visible concrete near the feet; overgrown grass/small weeds around the bollard base and bench legs; a short section of wire fencing in the frame corner for depth (~$10, Marketplace); hoping for natural morning mist in the background field (weather-dependent, not guaranteed); an object hanging in a tree that moves in the wind is being discussed but not decided (uncertain what the tree will look like in October). 9/14 (test-footage review): must shoot at sunrise/early morning - harsh midday sun on the test footage is not acceptable. Raise the camera to roughly Tyler's height (~5'10"") to gain landscape, but no downward tilt (tilting down makes subjects look short). Depth-layering target (~40% sky, maximize middle ground) reaffirmed after reviewing the footage. The OTS shot at the end of this clip was one of the team's favorite shots from all the test footage.","9/9, 9/13, 9/14",2026-09-20,"2026-09-20 → +note: sunrise requirement, raise to Tyler's height/no tilt, 40% sky reaffirmed (src: 9/14) · 2026-09-13 → +note: 5-layer depth composition, ~40% sky, 35mm, fence/mist/leaves dressing · 2026-09-09 created (src: 9/9)"
SS-52,1,Shot 1,Shoot two dialogue-delivery versions and choose in the edit,VFX/Edit,Decided,P3,,,,"Closed-mouth (pure voiceover) and open-mouth (audible mutter). Character is thinking/muttering, not delivering spoken dialogue. The notebook's written-then-scratched-out text isn't happening in real time and won't be legible on screen - it represents something written and discarded earlier.",9/9,2026-09-09,2026-09-09 created (src: 9/9)
SS-53,1,Shot 2,"Single continuous dolly move over Tyler's right shoulder, match-cut from the end of Shot 1, finishing over his right shoulder",Camera/Move,Decided,P2,,,,"More over-the-shoulder than the reference photo; keep the floor minimized (lower angle); background should include leaves for texture. Acting note for Tyler: look around searching for the sound source, then slowly look left (not a quick glance). 9/13: add more scattered leaves for texture. Costume: Tyler's wrist tattoo must be hidden (period-appropriate sleeves or makeup); no rings or other jewelry. 9/30: Tyler's forearm tattoo can be covered by his jacket (PW-81).","9/9, 9/13, 9/30",2026-10-01,"2026-10-01 → +note: Tyler's forearm tattoo covered by his jacket (PW-81) (src: 9/30) · 2026-09-13 → +note: more leaves; hide Tyler's wrist tattoo, no jewelry · 2026-09-09 created (src: 9/9)"
SS-54,1,Shot 3,Reduce the character turn to a half-turn (not a full rotation); Shot 6 uses the same camera setup as Shot 3,Blocking,Decided,P3,,,,"A half-turn was judged more natural and cinematic than the full rotation tested. 9/13 (Shot 3 dressing): add a wood/bark piece horizontally in the background, slightly blurred, for leading lines into the character – subtle enough not to read as a placed prop. Wind movement in frame is a positive element.","9/9, 9/13",2026-09-13,2026-09-13 → +note: wood/bark leading-line dressing for Shot 3 · 2026-09-09 created (src: 9/9)
SS-55,1,Shot 4 (elevated),Lower the camera to get more sky into frame; keep the background wide open (no blur),Camera/Move,Leaning,P2,,,,"Camera currently too high, cutting subjects short and eliminating sky. Lens undecided: 60mm referenced as current, 85mm discussed as an option.",9/9,2026-09-09,2026-09-09 created (src: 9/9)
SS-56,1,Shot 4 (close-up),Use an overhead diffuser to remove the shadow obscuring the subject's face,Equipment,Decided,P3,,,,"Frame is tight enough that the diffuser's own shadow won't show. If Holly needs extra height beyond what a bollard gave the stand-in, a cushion or booster can be used.",9/9,2026-09-09,2026-09-09 created (src: 9/9)
SS-57,1,Bench,Lean toward a bench with no side handle; back not completely open,Costume/PD,Decided,P2,"Shafi, Ishmam",Morgan,Morgan's reply (free bench junked Fri 9/25),"A side handle would make it difficult to execute the tilt-down from the character's side to the notebook. Still to be purchased via Facebook Marketplace. 9/13: should match the brown tones of the bollards to help cover concrete. 9/20 (solo review): Still need to buy a bench, ideally without a handle; exact bench decision still pending. 9/23: target is a simple, natural-looking wooden bench like the ones seen in Ecuador (roughly 8-9 wooden pieces). Plan A (selected): Morgan builds a custom bench to that reference - Shafi texted her the request during the meeting, awaiting reply (cross-ref PW-56). Plan B: one of the Facebook Marketplace benches ($50-100; Ishmam thinks they'd fit in his parents' SUV with the rear seat down). A free bench in High Ridge (~30 min away) goes to the junkyard on Fri 9/25 - Ishmam deciding whether to grab it Thu 9/24 after 5pm with a U-Haul (~$30/day + mileage, closes 7pm); a second free bench is broken/unclear. Whatever is chosen must look like it belongs at the location - not too clean, modern or out of place. 9/30: bench picked up. It's outside for now and will be spray-painted a darker brown with wood-specific spray paint; regular paint is the fallback if the spray doesn't give the right result. Shafi and Ishika will distress it along with the costumes (PW-82). The notes don't say which bench this is (the free High Ridge one, a Marketplace one, or another) or whether it avoids the side handle. Morgan is building the bed, not the bench (PW-15).","9/9, 9/13, 9/20, 9/23, 9/30",2026-10-01,"2026-10-01 → Decided: bench picked up; to be spray-painted darker brown and distressed (src: 9/30) · 2026-09-30 → +note: Plan A = Morgan builds an Ecuador-style bench, Plan B = Marketplace; free High Ridge bench deadline Fri 9/25 (src: 9/23) · 2026-09-20 (solo review) → +note: bench still not purchased (src: 9/20 solo review) · 2026-09-13 → +note: match bollard brown tones · 2026-09-09 created (src: 9/9)"
SS-58,1,Concrete coverage,Scatter fallen leaves to cover camera-visible concrete not already blocked by the bench,Costume/PD,Open,P2,"Shafi, Ishmam",,,"The bench (brought on shoot day) blocks a significant portion naturally. Full coverage of the concrete (hundreds of sq ft) is impractical - prioritize camera-visible areas. 9/13 (pan shot, bench to bollard): make sure the horizon line between concrete and trees is perfectly straight (currently slightly crooked in test footage). Add mud/dirt with faded footprints near the bollard (one or two, or several to suggest repeated visits) for narrative texture. A wooden log along the grass/concrete boundary could cover excess concrete (free on Marketplace). Possible bollard-log source: Home Depot may carry ~10-inch-diameter logs that could work as bollards themselves, power-washed for a cleaner look. Leaves flying through this shot should be timed with Rizwan's fan. Also cover the small concrete area near where the trash can usually sits. 9/14: Sam's alternative to leaf coverage - frame up slightly to crop the concrete out of the bottom of frame entirely (trade-off: may lose the actors' feet). Not yet decided between full leaf/PD coverage vs. framing up. 9/20 (solo review): Reconfirmed as a production design item - team is aware and will handle it.","9/9, 9/13, 9/14, 9/20",2026-09-20,"2026-09-20 (solo review) → +note: reconfirmed as a PD item, team aware (src: 9/20 solo review) · 2026-09-20 → +note: Sam's frame-up-to-crop alternative (src: 9/14) · 2026-09-13 → +note: straighten horizon, mud/footprints, log, Home Depot bollard-log lead, leaves w/ fan timing · 2026-09-09 created (src: 9/9)"
SS-59,1/3,Paper landing,Investigate a small weight on one side of the paper so it falls/lands naturally on cue,VFX/Equipment,Open,P1,Shafi,,,Alternative: shoot the paper fall as a separate insert and cut to the walking/road shot. Also discussed: the man catching the paper out of the air (not confirmed). Paper prop must match Scene 1's fly-away exactly (same fold / crumple) - see SS-15. 9/20 (solo review): Elevated in priority - a physical test is required before a decision can be made. 9/30: the camera move for the paper fall is now tracked in SS-92 (pedestal down with the paper).,"9/9, 9/20, 9/30",2026-10-01,"2026-10-01 → +note: the paper-fall camera move is tracked in SS-92 (src: 9/30) · 2026-09-20 (solo review) → +note: priority elevated, test required (src: 9/20 solo review) · 2026-09-09 created (src: 9/9)"
SS-60,5,Shot 1 (dirt path),Move further down the path toward more shade; walking arrangement (woman in front vs. side-by-side) deferred to the Oct 25 test,Location,Open,P2,,,2026-10-25,Both arrangements will be tested with Holly; noted that inconsistency between shots isn't jarring. 9/20 (solo review): Still needs to be decided.,"9/9, 9/20",2026-09-20,2026-09-20 (solo review) → +note: still open (src: 9/20 solo review) · 2026-09-09 created (src: 9/9)
SS-61,5,Shot 6 (staircase),"Prefer the second staircase (more height, stairs run through the full frame); push in closer so stairs fill frame; increase distance between the two characters (woman further up); shoot from the opposite side vs. the test footage; subjects bottom-right of frame; camera tilts up slightly",Location,Leaning,P2,,,,"Colors are a problem due to lighting but the location itself is solid. Open question: whether an 85mm lens is workable in this tight staircase space, or whether a different setup is needed. Cross-ref SS-21 (Fisher dolly may not be portable up the stairs). Note: source meeting notes label part of this 'Shot 1' and part 'Shot 6 of Scene 1' - mapped here to Scene 5 Shot 6 per SS-21/SS-22; flag if that's wrong. 9/14: confirmed after reviewing footage - prefer the other (untested) side of the stairs for the leading lines created by the rails extending off-screen. Tyler a step or two higher than Holly, who stays small in the background. Camera raised to eye level for the medium two-shot. Noon lighting concern: the staircase is heavily backlit at noon - plan is to cheat the actors into a shaded area and light them from the shadows rather than fight the backlight with diffusion.","9/9, 9/14",2026-09-20,"2026-09-20 → +note: confirmed far side/rail lines, Tyler-higher blocking, eye-level camera, noon-backlight shade plan (src: 9/14) · 2026-09-09 created (src: 9/9)"
SS-62,5,Shot 3,Raise the camera to approximately eye level (currently too low),Camera/Move,Open,P2,,,,Time of day must be carefully chosen for this shot.,9/9,2026-09-09,2026-09-09 created (src: 9/9)
SS-63,5,Shot 5,"Reframe the reverse shot toward the trees (maximize tree coverage, less toward the stairs); Holly paces forward and backward during the dialogue with her eyeline out into the distance (not at Tyler)",Camera/Move,Decided,P2,,,,"Select a focal length that captures her full body at her furthest point from camera, with legs cutting off only when closest. Camera may need to sit further back, or Tyler cheated to the far side, to create the needed distance.",9/9,2026-09-09,2026-09-09 created (src: 9/9)
SS-64,5,Field/open area,Production design needed to break up the empty-field look,Costume/PD,Leaning,P2,,,,"Logs on the sides, or a fence laid down in the background. Sun is again a problem here; otherwise the location is acceptable. 9/20 (solo review): Work in progress - some items have been purchased, but the team still needs to confirm placement.","9/9, 9/20",2026-09-20,"2026-09-20 (solo review) → Leaning: some items purchased, placement still to confirm (src: 9/20 solo review) · 2026-09-09 created (src: 9/9)"
SS-65,6,Pan-to-woman / push-in,"Single continuous shot (no cut): pans to the woman, then pushes in to a close-up of the boy (tears)",Camera/Move,Decided,P1,"Shafi, Ishmam",Sam,,"Sam's handheld test footage of this area was assessed as some of the strongest in the session. A 35mm lens is wide enough for the establishing view but will need a significant dolly push or physical camera move to reach the close-up from the same setup. Dolly desired for this location - feasibility to confirm (cross-ref SS-30). 9/10: pan location roughly identified; still need a specific spot for Holly to stand at the end of the pan; some cheating of geography acceptable. 9/11: bringing the dolly to this field is logistically challenging (uneven ground, narrow space) but both are committed to it – short track sections should suffice. Currently tested at 60mm; considering dropping to 35mm for more dolly travel distance, and combining the dolly push-in with a slider move (Bergman technique). Need a backup plan if the dolly/slider setup can't be executed on location; Sam to be looped in on the setup (Sunday session). 9/14: team prefers the side of the power-line field with more depth over the flatter side; one still from the test footage was particularly striking and Alex can power-window it in post for a tunnel/depth effect. The (wood) bench can be cheated into various positions within the field without viewers noticing - confirmed as a generally safe technique (cross-ref PW-55). 9/20 (solo review): Confirmed and complete - no outstanding tasks.","9/9, 9/10, 9/11, 9/14, 9/20",2026-09-20,"2026-09-20 (solo review) → Decided: confirmed complete (src: 9/20 solo review) · 2026-09-20 → +note: prefer higher-depth side of field, power-window tunnel effect, bench-cheating confirmed safe (src: 9/14) · 2026-09-11 → +note: dolly-to-field logistics, 35mm+slider option, backup plan needed · 2026-09-10 → +note: pan spot for Holly still TBD · 2026-09-09 created (src: 9/9)"
SS-66,3,Walking shot,"Rework the walking shot's style - currently reads as a 'cool' Breathless-style character turn that clashes with Scene 1's composed, stranger register",Blocking,Decided,P1,"Shafi, Ishmam",,2026-09-11,"Holly's rehearsal read Marienbad-style (slow, deliberate, choreographed), heightening the discontinuity; the dialogue itself isn't the problem. Must preserve: characters walking, they look up at something at the end, a smooth transition from the preceding boy scene, and a total shot count near ~30. Options: shoot from the front instead of behind (reduce backs-of-heads); remove/soften the turn-and-walk-backward beat; or direct it less composed / more naturalistic. No decision yet - both think independently and reconvene Friday. Cross-ref SS-13. 9/10: Holly's rehearsal of the first part read 'Marienbad'-style; the second part may be too 'Bressonian' – discussion deferred to the 9/11 meeting. Resolved 9/11: rather than softening the walking scene, the team is leaning into the film's strangeness – the road/walking approach is cut entirely and replaced by the new static/semi-static composition described in SS-15 (paper-kneeling blocking, mirrored cut to the boy scene). Nature is to function as 'another character' rather than a normalized backdrop. 9/20 (solo review): The walking shot has been completely cut and redone - the original has been replaced with a new version. This means the team must retrain/re-brief everyone on the new shot rather than removing elements via VFX as some earlier plan assumed (unclear from the source notes whether that VFX-removal reference was for this shot specifically or a related one - flagging rather than guessing).","9/9, 9/10, 9/11, 9/20",2026-09-20,"2026-09-20 (solo review) → Decided: cut and redone, team must retrain on new version (src: 9/20 solo review) · 2026-09-11 → Leaning: resolved via Scene1→3 redesign (see SS-15) · 2026-09-10 → +note: Holly's rehearsal register (Marienbad/Bressonian), discussion deferred · 2026-09-09 created (src: 9/9)"
SS-67,2,Digging shot,Camera movement not yet decided,Camera/Move,Deferred,P2,"Shafi, Ishmam",,,"Dolly vs. shoulder rig vs. another approach for the eye-level ground shot of the boy digging. Cross-ref SS-10 (same open question for the walking shot in this scene). 9/20 (solo review): Changed - no longer relevant, can be disregarded.","9/9, 9/20",2026-09-20,2026-09-20 (solo review) → Deferred: no longer relevant per solo review (src: 9/20 solo review) · 2026-09-09 created (src: 9/9)
SS-68,5,Stairs/bollards sequence,Shot flow + dialogue beats for the 'gone' pan,Blocking,Decided,P1,"Shafi, Ishmam",Sam,,"Shot flow (9/11): (1) woman walks off screen, camera holds on the man watching her; (2) cut to the stairs – she looks back, not at him, just generally, reinforcing longing/mystery; (3) they walk up, with the camera capturing the full walk-up for editing flexibility. Dialogue across three camera movements: man 'What's the hurry?' / woman 'On a cooler, quieter day, I would have said yes.' → movement 1: man blows breath into cold air, 'It takes two sunrises to snow this town.' → movement 2: woman misspeaks the French → movement 3: man shakes, takes a puff, camera holds, he exhales smoke, camera pans across and she is gone. The 'gone' moment was unanimously affirmed as the strongest beat in the sequence and must be preserved regardless of what happens to the surrounding movement, which is still being debated – if the multi-tilt movement is kept it should be executed very slowly (Tarkovsky, not Bergman-fast). Cross-ref SS-61, SS-63. 9/20 (solo review): Movement is more or less confirmed; still needs practice before the shoot. 9/23: the 'winter light' shot (Scene 5 Shot 3 in the current breakdown - the 'What's the hurry?' sequence tracked here) is a candidate extra dolly shot to help justify the dolly package, terrain permitting (see PW-70).","9/11, 9/20, 9/23",2026-09-30,"2026-09-30 → +note: candidate extra dolly shot, see PW-70 (src: 9/23) · 2026-09-20 (solo review) → Decided: movement confirmed, needs practice (src: 9/20 solo review) · 2026-09-11 created (src: 9/11)"
SS-69,8,All,Camera movement for the final shot given uneven ground,Camera/Move,Leaning,P2,,,,"A full dolly isn't feasible here due to uneven ground. A pedestal-up or another subtle camera move was suggested as an alternative to a fully static shot. If the shot stays static, something must happen on screen to justify it – not yet resolved. 9/20 (solo review): Still to be decided - specifically whether a dolly can be brought to this location; depends on the dolly grip (cross-ref PW-03). 9/3 (backfill, predates the 9/11 notes above): the film's last image was described as the woman alone looking into the distance - a wide, still composition; the team was then leaning static while debating whether slight movement was needed. 9/30: after the 9/26 test footage the preferred move is a slow zoom out: start on a close-up of her face on the zoom lens (up to 140mm) and pull back to the wider environmental frame, so the shot clearly establishes that she's an older woman and still lands on the wide composition. She reads too low in the current frame, so she needs an apple box under her. Which zoom is still open (PW-59). The background plants are already dying (SS-94).","9/3, 9/11, 9/20, 9/30",2026-10-01,2026-10-01 → Leaning: slow zoom out from a close-up of her face (zoom up to 140mm); apple box under her (src: 9/30) · 2026-09-30 → +note: team was leaning static as of 9/3 (src: 9/3 backfill) · 2026-09-20 (solo review) → +note: dolly feasibility still depends on grip - cross-ref PW-03 (src: 9/20 solo review) · 2026-09-11 created (src: 9/11)
SS-70,1,Shot 6,"Bicycle + cigarette-pack re-blocking, camera height",Blocking,Decided,P2,Shafi,,,"A vintage bicycle (~$30) leans against the far bollard – visible once the character walks away, suggesting how he arrived without being explicit (partially blurred, far enough back not to raise questions). Revised blocking: character puts the book down → puts a cigarette in his mouth → places the cigarette pack on the bollard → walks toward the railing; in the next shot he's already smoking (lighter sound may be heard off-camera) – avoid showing the cigarette being lit on camera, too unreliable to execute. Camera needs to start higher on this shot so the bollard sits lower in frame and the cigarette-pack placement reads better; angle should stay consistent with Shot 3 even if the exact height doesn't need to match perfectly. 9/20 (solo review): Done.","9/13, 9/20",2026-09-20,2026-09-20 (solo review) → Decided: done (src: 9/20 solo review) · 2026-09-13 created (src: 9/13)
SS-71,1,Holly's reverse / OTS,Camera angle too low – reads as making her shorter,Camera/Move,Decided,P2,,,,"Currently tilted slightly downward, making Holly appear shorter; needs to be angled higher. Holly is taller than the test stand-in (Ishika), so the camera will need to start higher for the real shoot. Also flagged: need large, clear monitors on set – the test shoot suffered from everyone crowding around one small monitor, making it hard to check frame edges. 9/20 (solo review): Confirmed - camera needs to be positioned higher; documented, no further discussion needed.","9/13, 9/20",2026-09-20,2026-09-20 (solo review) → Decided: raise camera - documented (src: 9/20 solo review) · 2026-09-13 created (src: 9/13)
SS-72,1,All,Don't force the book into frame early,Blocking,Decided,P3,,,,Ishika holding the book visibly toward camera in test footage read as too placed/gimmicky; Holly doing the same would read even more so. Decision: let the book be revealed more naturally through dialogue (the audience learns it's a Russian book) and place it organically in a later shot rather than forcing it early.,9/13,2026-09-13,2026-09-13 created (src: 9/13)
SS-73,7,All,Scene has some 'fat' – simplification considered but stage direction preserved,Schedule,Decided,P2,"Shafi, Ishmam",,,"Ishmam suggested the scene ('the girl walking' scene) could be trimmed – only two lines of dialogue are spoken (the 'feeble meeting' line and the poem). Both agreed the wind-reaction stage direction is important and should not be cut. General dialogue approach: prefer actors speaking at a natural-but-slightly-faster pace over cutting lines to save time. 9/20 (solo review): Cleaned up, with a time reference now established.","9/13, 9/20",2026-09-20,"2026-09-20 (solo review) → Decided: cleaned up, time reference established (src: 9/20 solo review) · 2026-09-13 created (src: 9/13)"
SS-74,8,Final shot,Ending sound: bicycle bell vs. Hindu prayer bell,Sound,Leaning,P2,"Shafi, Ishmam",,,"No score is planned for the ending, so some sound is needed. Bicycle bell (ties thematically to childhood and the Scene 1 bike prop) vs. a Hindu prayer bell (Ghanta/Cabo, described as haunting but less narratively connected). Leaning bicycle bell, rung slowly (one ring at a time, not cheerful/rapid); possibly layered with the sound of bicycle wheels rolling to evoke childhood memory.",9/13,2026-09-13,2026-09-13 created (src: 9/13)
SS-75,1,Shot 2,Notebook insert: writing doesn't need to be legible but crossed-out sections must be visible; add autumn PD to the shot,PD/Props,Decided,P2,,,,"Composition is otherwise acceptable. Focus will be adjusted so the crossed-out sections read clearly even though the handwriting itself doesn't need to. Needs more production design than currently shown - autumn leaves, weeds, and seasonal foliage for color/texture (cross-ref PW-43). The bench will appear in this frame - account for it in the dressing.",9/14,2026-09-20,2026-09-20 created (src: 9/14)
SS-76,1,Shot 3,"Rework the tilt/pan movement into one diagonal, uninterrupted move ending with the subject fully left of frame",Camera/Move,Decided,P2,,,,"Current movement is a straight tilt-down then a sideways pan; team wants a diagonal/slanted motion from the very start instead, ending with the subject fully left of frame (currently near center at the start). Movement must feel like one continuous flow - no deceleration and re-acceleration mid-move. The bollards in the composition were praised as a good creative choice. Holly and Tyler are taller than the crew who stood in for the test, so the starting frame will need to begin higher on their faces. 9/20 (solo review): Discussed and resolved.","9/14, 9/20",2026-09-20,2026-09-20 (solo review) → Decided: discussed and resolved (src: 9/20 solo review) · 2026-09-20 created (src: 9/14)
SS-77,1,Shot 4,"Push slightly closer (near but not extreme close-up); slightly more subject emphasis, slightly less background blur",Camera/Move,Leaning,P2,,,,"Current depth-of-field/background blur is acceptable as a baseline; preference is for a touch more subject emphasis and a touch less background detail. Separate actor-direction flag for shoot day: Tyler needs to deliver his line with less of a formal/stiff ""term"" quality.",9/14,2026-09-20,2026-09-20 created (src: 9/14)
SS-78,1,Shot 5,Keep a sliver of sky in frame - lower the camera rather than tilting down further; deeper focus wanted for this shot,Camera/Move,Leaning,P2,,,,"Shot is currently tilting down too much, cutting the sky out entirely and making the subject look shorter; fix is to lower the camera position rather than tilt further. Holly is slightly taller than the test stand-in and is crouching/perching on a bollard - a booster/cushion may be needed (cross-ref SS-56). Early morning light (see SS-51) should resolve the shadow issues seen on her face when she turns. Decided: for this shot specifically the team wants deeper focus so the background trees stay visible - open the aperture slightly and add a stop of ND to compensate for exposure. Separately, Sam confirmed the focus mismatch between this and Shot 4 (shot-reverse-shot) is not a problem in practice - most viewers never notice reverse-shot focus differences (cited The Odyssey as a major-studio example).",9/14,2026-09-20,2026-09-20 created (src: 9/14)
SS-79,1,Shot 6,Match Shot 3's camera angle; consider starting on the notebook and booming up with the actor instead of tilting down then up,Camera/Move,Leaning,P2,,,,"Currently shot from a slightly different angle than Shot 3 (the matching wide) - both should share the same angle (either both profile or both at a slight angle, TBD). The 85mm vs. 60mm lens difference is fine since it's a different setup, but the camera angle must match. Current end frame shows too much sky; Sam's proposal is to start the shot on the notebook rather than the subject's face, then boom up with the actor as he stands - a natural eyeline-match move that avoids the awkward tilt-down-then-boom-up reversal. Ishmam wants to review reference footage before committing. Diffusion can be applied to this and all other close-ups (cross-ref PW-55).",9/14,2026-09-20,2026-09-20 created (src: 9/14)
SS-80,2/5,Pre-stair walk,Scene 2 walk-to-the-stairs redesigned away from the original (car traffic/no room for tracks); can now be shot anywhere - prefer a dirt path with tree-canopy coverage,Location,Decided,P2,,,,"The original Scene 2 location has too many passing cars and no room to lay tracks. The walk leading into the stairs can now be shot anywhere; team preference is a dirt path with tree canopy to cut direct sun if shooting midday. A diffusion crew of ~4 people will walk alongside the actors holding diffusion frames and can double as dolly grips when not diffusing (cross-ref PW-49). Cross-ref SS-67 (Scene 2 digging shot, movement still undecided).",9/14,2026-09-20,2026-09-20 created (src: 9/14)
SS-81,5,OTS on stairs,Holly paces up and down in frame rather than standing still,Blocking,Decided,P2,,,,"Holly's full body should be visible; static standing reads as horror-movie-ish, so she should pace up and down instead. As she walks toward camera her legs will naturally be cut off - acceptable. Focus pulling will need to be choreographed since she's moving throughout the shot.",9/14,2026-09-20,2026-09-20 created (src: 9/14)
SS-82,5,Walking down stairs,Camera positioned high on the opposite side (possibly via ladder) with actors small in the bottom-right and depth visible on the other side,Camera/Move,Leaning,P2,,,,"Suggested framing device: overhanging branches to frame the shot, similar to the forest exit shot. In post, Alex can use a power window to brighten the center and darken the periphery for a tunnel effect (cross-ref SS-65). Sam shared a disposable-camera reference photo illustrating the framing concept; team responded positively.",9/14,2026-09-20,2026-09-20 created (src: 9/14)
SS-83,1/8,Tyler's jacket,Jacket prop for Tyler still under debate,Costume/PD,Leaning,P2,"Shafi, Ishika",,,"Prop will be a highly visible, prominent piece on screen for the entire runtime, so Shafi and Ishika are planning to view it in person before purchasing rather than buying sight-unseen. 9/20 (solo review): Still trying to find a solution; no update. 9/23: Ishmam is picking up a $6 jacket in Pacific on Fri 9/25 at 6pm (seller sending the address that day) - the notes don't say who it's for; if it's Tyler's jacket this row may be resolved - confirm. 9/30: jackets have been ordered for Tyler and Holly; Shafi will bring them in for a fitting next week (week of 10/5, PW-18). The notes don't say whether this includes the $6 jacket from 9/25.","9/20, 9/23, 9/30",2026-10-01,"2026-10-01 → Leaning: jackets ordered for Tyler & Holly, fitting next week (src: 9/30) · 2026-09-30 → +note: $6 jacket pickup Fri 9/25 - unclear if it's this one, confirm (src: 9/23) · 2026-09-20 (solo review) → +note: still unresolved, no update (src: 9/20 solo review) · 2026-09-20 created (src: 9/20 AM)"
SS-84,3/5/7,No-ADR dialogue scenes,Three scenes need their lines fully memorized and performed on the day - no ADR fallback,Blocking,Open,P1,"Shafi, Ishmam","Holly, Tyler",Sat 9/26 rehearsal → shoot,"The Scene 3 train conversation (a ~56s single static take, no cuts, faces visible throughout - SS-15), the Scene 5 turning sequence (SS-85) and the final Scene 7 bollard scene (SS-39) can't be fixed with ADR, unlike the rest of the film (PW-31). Memorization was named one of the top production risks (PW-76). Holly (back from PTO) is reading the lines and texted Shafi she'll memorize as much as she can by Saturday; the team is confident in Tyler. Ishmam to give Shafi a list of the specific lines/sections for Holly and Tyler to prioritize before Saturday. On-set contingency: cue cards or large whiteboard-style boards - workable since many shots have the actors looking off-screen. Performance direction in PW-75.",9/23,2026-09-30,2026-09-30 created (src: 9/23)
SS-85,5/7,S5 Shots 9-10 (turning sequence) + S7,"Blocking/movement plan - when characters sit, stand and move - with the actors' cues relative to the camera",Blocking,Open,P1,Ishmam,Shafi,Fri 9/25 (before Sat rehearsal),"Ishmam to work out the blocking for Scene 5's turning shot and for Scene 7 before Friday; both are on the Sat 9/26 rehearsal agenda (PW-74). Mapping note: the 9/23 notes say 'Scenes 5, 9 and 10' - read here as Scene 5 Shots 9-10 of the current shot-by-shot breakdown (Shot 9 = the woman walks into frame and turns, the man walks in and stands closer to camera; Shot 10 = she sits on a log, dolly-in and tilt - the shot tracked under older numbers as 'Shot 8'/'Shot 9' in SS-24/SS-26); flag if that's wrong. The turning sequence needs precise blocking - the actors must know their cues relative to the camera move - and its location must be confirmed Saturday morning (SS-24, PW-71). Risk: Scene 5 Shot 10 and Scene 7 both involve several people doing coordinated actions at once, so time overruns are realistic even if each element is achievable (cross-ref PW-66). 9/3 (backfill - Sam meeting): the turning-shot choreography as described then - static camera; the woman enters from the left and turns while delivering dialogue, the man enters behind her, they settle into a painting-style composition facing different directions while talking, she exits, he does a full turn; this leads into a composition where the man appears small just above the woman's shoulder (he's downhill, she sits higher on a log or bench), which needs real depth between them. Scene 7 blocking cross-ref SS-40. 9/30: the 9/30 notes file their dialogue-blocking notes under Scene 1 (SS-87), but some details - Holly turning as she delivers her line, Tyler's head going down, and the 'Bourgeois' cue (SS-88) - match this scene's Shot 9 in the breakdown, so they may belong here.","9/3, 9/23, 9/30",2026-10-01,"2026-10-01 → +note: some 9/30 rehearsal notes filed under Scene 1 may belong here (SS-87, SS-88) (src: 9/30) · 2026-09-30 created (src: 9/23; turning choreography from 9/3 backfill)"
SS-86,7,Tarkovsky pan,"Add a subtle lateral dolly move under the pan, per the Mirror reference (a pan across the frame with a slight lateral move from the house toward two people)",Camera/Move,Leaning,P2,"Shafi, Ishmam","Dave, Sam",Dave's terrain answer,"Identified 9/23 as a potential dolly move while looking for ways to put the dolly to more use (PW-70). Depends on getting the dolly into the field - it has to be carried or rolled over dirt paths/open ground (PW-06) - and the field has a small-crew cap and no parking (PW-72). Cross-ref SS-36 (pan's first stop), SS-37 (zoom lens for the pan), SS-38 (ends on a tilt-down). The notes transcribe the reference as 'Tchaikovsky'.",9/23,2026-09-30,2026-09-30 created (src: 9/23)
SS-87,1,Bench dialogue shots,"Blocking/framing fixes from the 9/26 test footage: Tyler slightly behind Holly, Holly turns as she speaks, centred framing, closer together, tape marks",Blocking,Leaning,P2,Shafi,Ishika,,"From the 9/30 review of the 9/26 test footage. (1) Initial dolly shot: Tyler should be slightly behind Holly so his face doesn't overlap the back of her head. (2) Holly turns around as she delivers her line - Shafi to confirm the exact blocking with Ishika (script supervisor), who has it written down. (3) Framing should be centred; the test footage is slightly angled. (4) Holly and Tyler need to be closer together in the turned-around frame. (5) Tape marks for all actor positions on the shoot day. (6) Tyler turns his head back toward Holly and listens actively instead of looking away toward camera, and his head should be down at some point in the scene, referencing a tight composition in the reference photo. The shallow, 'dreamy' background focus was liked, but see SS-95 on mixing depth of field. Cigarettes in hand should help both actors look less stiff (cross-ref SS-70). Acting notes in PW-75. FLAG: the notes file this under Scene 1, but Holly's turn and Tyler's head going down also match Scene 5 Shot 9 (the turning sequence, SS-85), where the man looks down at his clothes, and the 'Bourgeois' cue filed with these notes exists only in that shot (SS-88). Confirm which scene's footage this was.",9/30,2026-10-01,2026-10-01 created (src: 9/30)
SS-88,5,Shot 9 (turning sequence),Time the 'Bourgeois' audio cue - the rehearsal audio hasn't been reviewed closely yet,Sound,Open,P2,"Shafi, Ishmam",,,"Per the 9/30 notes the 'Bourgeois' audio cue needs to be timed correctly, and neither director has reviewed the audio closely yet. The notes list it under Scene 1's bench dialogue, but the only 'Bourgeois' in the current Shot-by-Shot Breakdown is Scene 5 Shot 9 (WOMAN: ""The past. It's a Bourgeois self-interest..."" / MAN: ""Bourgeois?"", then the man looks down at his clothes), so it's filed here - confirm. This is one of the no-ADR scenes (SS-84), so the timing has to work on the day. Cross-ref SS-85, SS-87.",9/30,2026-10-01,2026-10-01 created (src: 9/30)
SS-89,3,Opening - lying-down shot (storyboard 3A),"Composition fixes from the 9/26 test: Tyler more centred and diagonal, Holly lost in the trees at ~f/3, Tyler sits up then lies down, camera higher",Camera/Move,Decided,P2,"Shafi, Ishmam",,,"The reference composition (Ishmam and Ishika as stand-ins) is preferred over the Tyler/Holly test take. Tyler: more centred, positioned more diagonally, less of his body in frame; he should start sitting up and then lean/lie down, so there's a visible change of position when he looks up. Holly: should blend into the trees in the background, which needs a narrower depth of field (the test was likely shot at about f/11; needs to be closer to f/3), and she must stand in a sky opening between the trees for the background to read. That spot couldn't be found during the test (SS-90). Camera: higher, to avoid showing concrete; the pushed-in framing keeps the concrete out of the bottom of the frame. This is the Scene 3 train conversation (SS-15), a no-ADR single take (SS-84).",9/30,2026-10-01,2026-10-01 created (src: 9/30)
SS-90,3,Opening - lying-down shot (storyboard 3A),Find and mark the sky opening between the trees where Holly stands - it couldn't be found during the test,Location,Open,P1,"Shafi, Ishmam",,,The exact tree opening from the reference photo couldn't be found during the 9/26 test shoot. It needs to be found again and marked so Holly can be placed in it (SS-89). Ishmam is on location Oct 9-11 for prep (PW-83).,9/30,2026-10-01,2026-10-01 created (src: 9/30)
SS-91,5,Shot 10 (storyboard 5J - log/book dolly-in),Make the scarf visible before Tyler's line about it - follow the scarf on the tilt as it hangs down,Camera/Move,Leaning,P2,Shafi,,,"Tyler comments on Holly's scarf, but it isn't visible in the current frame. Proposed fix: follow the scarf on the tilt as it hangs down, so it's established before the line. Not yet tested; Shafi to note it in the production document (PW-67). This is the dolly-in and tilt-down over her book, which the tracker's older numbering calls SS-24 'Shot 8' / SS-26 'Shot 9'. FLAG: in the current Shot-by-Shot Breakdown the line is MAN: ""A beautiful jacket..."" / WOMAN: ""It was my mother's..."" - a jacket, not a scarf. Confirm whether the line or the costume changed (cross-ref SS-41 jacket continuity, SS-83).",9/30,2026-10-01,2026-10-01 created (src: 9/30)
SS-92,1/3,Paper landing,"Pedestal down with the falling paper (a falling-leaf motion) instead of a tilt; end higher, with less foreground grass",Camera/Move,Leaning,P1,"Shafi, Ishmam",Dave,Rehearse the week of the shoot,"A pedestal-down move is preferred over a tilt, to mimic a falling leaf. The paper falls quickly, so the pedestal has to move fast. The alternative is to start the camera ahead and let the paper catch up, then follow it. If a pedestal isn't possible at the location, a tilt is the fallback. The current frame has too much foreground grass, so the shot should end higher up. Dave must approve the location (PW-06). The timing needs rehearsal the week of the shoot. Cross-ref SS-59 (weighting the paper so it lands on cue), SS-15.",9/30,2026-10-01,2026-10-01 created (src: 9/30)
SS-93,All,Log bollards,"Use all ~15 log bollards: full-length (possibly raised) in the Scene 7 sequence, cut 6 in-1 ft shorter everywhere else",Costume/PD,Decided,P2,"Shafi, Ishmam",,,All ~15 log bollards should be used. The ones in the Scene 7 final sequence stay uncut (full length) and may need to be raised so they read clearly in frame. Bollards elsewhere in the shoot should be cut down at least half a foot to a full foot. Cross-ref SS-36 (bollards moved into the field for the pan's first stop).,9/30,2026-10-01,2026-10-01 created (src: 9/30)
SS-94,8,Final shot,Background plants are already dying and may not last until the shoot,Location,Open,P2,"Shafi, Ishmam",,,"Flagged in the 9/30 review of the older-woman test footage: the plants behind her are already starting to die, so it's uncertain whether they'll still be there on the shoot day. No fallback discussed yet. Cross-ref SS-69, PW-29 (October foliage).",9/30,2026-10-01,2026-10-01 created (src: 9/30)
SS-95,All,Lens / depth of field,Mix shallow and deep focus so the characters feel part of their environment; no focus pulls mid-dialogue in Scene 1; Scene 7 stays deep,Camera/Move,Decided,P2,"Shafi, Ishmam","Sam, Alex",,"Most of the test footage was shot on a 35mm lens. Scene 1 is almost entirely shallow focus, which gives it the 'dreamy' quality but loses the environmental detail in the trees. Agreed to mix it up: some shots need a wider depth of field so the characters feel embedded in their environment rather than isolated against a blurred background. Switching focus mid-dialogue in Scene 1 was ruled out, because the dialogue is too choppy and short for frequent focus pulls without being jarring. Scene 7 uses a long depth of field, with the characters and the background both visible. Cross-ref SS-77, SS-78 (Scene 1 shots already asking for less blur / deeper focus), SS-89 (the Scene 3 lying-down shot goes shallower, ~f/3).",9/30,2026-10-01,2026-10-01 created (src: 9/30)
